{"cameraMode":{"drawMode":0,"name":"Shaded","section":"Shading Mode"},"sceneLighting":false,"audioPlay":false,"sceneViewState":{"showFog":true,"showMaterialUpdate":false,"showSkybox":false,"showFlares":true,"showImageEffects":true,"showParticleSystems":true},"in2DMode":false,"pivot":{"x":3.823260545730591,"y":-0.6362483501434326,"z":3.2857654094696047},"rotation":{"x":0.10186797380447388,"y":-0.8650475740432739,"z":0.4506920874118805,"w":0.19552409648895265},"size":5.902442932128906,"orthographic":false}